{
  "gx": -0.471068,
  "gy": -0.086221,
  "gz": -0.170153
}